Date,England_new_central,England_new_lower,England_new_upper,England_old_central,England_old_lower,England_old_upper,North East_new_central,North East_new_lower,North East_new_upper,North East_old_central,North East_old_lower,North East_old_upper,North West_new_central,North West_new_lower,North West_new_upper,North West_old_central,North West_old_lower,North West_old_upper,Yorkshire and The Humber_new_central,Yorkshire and The Humber_new_lower,Yorkshire and The Humber_new_upper,Yorkshire and The Humber_old_central,Yorkshire and The Humber_old_lower,Yorkshire and The Humber_old_upper,East Midlands_new_central,East Midlands_new_lower,East Midlands_new_upper,East Midlands_old_central,East Midlands_old_lower,East Midlands_old_upper,West Midlands_new_central,West Midlands_new_lower,West Midlands_new_upper,West Midlands_old_central,West Midlands_old_lower,West Midlands_old_upper,East of England_new_central,East of England_new_lower,East of England_new_upper,East of England_old_central,East of England_old_lower,East of England_old_upper,London_new_central,London_new_lower,London_new_upper,London_old_central,London_old_lower,London_old_upper,South East_new_central,South East_new_lower,South East_new_upper,South East_old_central,South East_old_lower,South East_old_upper,South West_new_central,South West_new_lower,South West_new_upper,South West_old_central,South West_old_lower,South West_old_upper
22/11/2020,0.141841795,0.125768891,0.158961622,0.917889432,0.871085511,0.964714743,0.128117111,0.064601995,0.214647196,1.506951566,1.244178763,1.804914633,0.106412704,0.073839691,0.146513976,1.578079627,1.420629785,1.746255436,0.137312613,0.091620511,0.190942804,1.633413265,1.436160198,1.835742293,0.113210683,0.067345149,0.17112827,1.14218806,0.963589987,1.34149608,0.094510381,0.05526328,0.145628285,1.261696175,1.081641326,1.456627928,0.113537971,0.076822429,0.15705023,0.345176978,0.275517397,0.423219543,0.190510877,0.150315978,0.235314563,0.518416092,0.448203356,0.594027993,0.223086699,0.170153747,0.282122344,0.490093611,0.410167062,0.579937271,0.095224413,0.055643393,0.144539497,0.498291466,0.394890655,0.613000153
23/11/2020,0.14286988,0.127277463,0.159897607,0.881400562,0.83489183,0.928524235,0.130994826,0.067832274,0.215643025,1.439138036,1.179846032,1.730443045,0.107919042,0.075203315,0.147027425,1.525926333,1.365317326,1.694004588,0.132634112,0.088926625,0.184170068,1.584307573,1.387983938,1.791267679,0.111085073,0.067173381,0.16662019,1.107067132,0.926517845,1.304997,0.09572085,0.057244165,0.146092548,1.19492926,1.015573545,1.388430231,0.115770016,0.079217272,0.159154414,0.33889943,0.270342388,0.417056767,0.19371222,0.153387099,0.238503427,0.498776744,0.429183732,0.574382264,0.225730803,0.173203198,0.285405471,0.46696737,0.387703785,0.555529731,0.095409458,0.057334975,0.143035992,0.457946947,0.358945589,0.569413467
24/11/2020,0.144696809,0.129134085,0.161653147,0.850408198,0.804644651,0.897118497,0.133856694,0.071006661,0.21704231,1.37927951,1.123343526,1.669390384,0.110174611,0.077769917,0.148927751,1.479647518,1.315622275,1.647744206,0.128242709,0.0864443,0.178886027,1.539935802,1.342739192,1.747405178,0.110387312,0.067721918,0.164743226,1.078355327,0.897573068,1.276133559,0.097250955,0.059252357,0.148219763,1.137855281,0.962821097,1.327938857,0.119308837,0.082890332,0.162353524,0.333944169,0.264827722,0.411279039,0.198964932,0.15802944,0.245124225,0.485035066,0.415365255,0.561189878,0.228581924,0.175965723,0.289432128,0.447762811,0.368567361,0.535065928,0.09570454,0.058127357,0.141355543,0.423511697,0.329809636,0.530587018
25/11/2020,0.147374882,0.131733498,0.164722371,0.824508362,0.779384734,0.871385509,0.136625517,0.074519714,0.219983975,1.326878828,1.074823888,1.612659975,0.113161658,0.080812881,0.152400702,1.438428102,1.276001511,1.60616452,0.124118121,0.08413259,0.173036818,1.499705347,1.301972165,1.703809573,0.111096968,0.068538415,0.165046549,1.055965913,0.878574104,1.255215588,0.099071142,0.061017239,0.150628846,1.089715195,0.918701038,1.274292825,0.124321574,0.087806046,0.168058266,0.330294202,0.261869222,0.40721221,0.206534739,0.164758183,0.253817592,0.476967958,0.407174536,0.552160162,0.231670607,0.178173453,0.294162475,0.432289383,0.353822049,0.517641839,0.096100936,0.05865005,0.141510566,0.394381816,0.304235959,0.496903183
26/11/2020,0.150963258,0.135327586,0.168404461,0.803257229,0.758779931,0.848945899,0.139241276,0.077247412,0.220239457,1.281399713,1.036558288,1.563182923,0.116839605,0.083539497,0.157166069,1.401337527,1.24160706,1.565978246,0.12026368,0.08064857,0.168529024,1.463040378,1.268709486,1.664090212,0.113180956,0.070531894,0.167152586,1.039728155,0.864277075,1.234070131,0.101140745,0.063254991,0.152541093,1.049672682,0.884107533,1.228626471,0.130983479,0.093577733,0.175999308,0.327918385,0.260979322,0.403904166,0.216693528,0.17376663,0.265376622,0.474290756,0.40495686,0.549452777,0.235062341,0.181005551,0.297613521,0.420335597,0.344225561,0.50428486,0.096604021,0.05984818,0.14177609,0.370009006,0.284179545,0.468184796
27/11/2020,0.155526196,0.139543148,0.173196481,0.786175038,0.742655049,0.830699104,0.141664801,0.079848526,0.224076056,1.242262097,1.003480174,1.519569429,0.121137187,0.086878714,0.16302513,1.367349576,1.211631726,1.528259218,0.116700419,0.078322298,0.164514654,1.429377715,1.243081296,1.62334418,0.116587537,0.073291433,0.171067421,1.029379716,0.858392664,1.220045026,0.103408054,0.065054587,0.154196187,1.016834118,0.857016752,1.189850173,0.139477456,0.101069877,0.185584519,0.326769671,0.260610088,0.403178287,0.229720745,0.185414867,0.279337429,0.476660396,0.407690077,0.551241636,0.238858479,0.184813694,0.30257631,0.411672875,0.338064498,0.493095229,0.097231802,0.060982203,0.142937435,0.349896208,0.268436827,0.443095999
28/11/2020,0.161128015,0.144854954,0.179017936,0.772741161,0.730866712,0.816653049,0.143877385,0.081729652,0.225694828,1.208828286,0.976914852,1.474060835,0.125942902,0.090767553,0.1694866,1.335361924,1.182530849,1.492232482,0.113459043,0.075828827,0.160082625,1.398139216,1.218489947,1.590948869,0.121235038,0.076895903,0.177267562,1.02454717,0.855765278,1.214375067,0.105810523,0.066463593,0.157629427,0.99025925,0.837136835,1.157576589,0.14998908,0.110246549,0.197170941,0.326780654,0.260895198,0.40346441,0.245899764,0.200237666,0.297852282,0.483663294,0.415953439,0.556655116,0.243193088,0.188645447,0.30737242,0.406053702,0.333808474,0.485464651,0.098010849,0.061568784,0.143767552,0.333589221,0.255722726,0.42414229
29/11/2020,0.167826278,0.151220224,0.185899738,0.762387661,0.72150705,0.805703916,0.145877999,0.083159903,0.227425675,1.180390073,0.952959091,1.440232314,0.131096966,0.094738455,0.175568161,1.304230839,1.156233014,1.461262125,0.110572222,0.074154248,0.156574758,1.368699092,1.190042931,1.5587145,0.126997655,0.080881299,0.185974871,1.024720332,0.856530796,1.211952436,0.108276495,0.068416358,0.160736761,0.968969558,0.8187324,1.129364414,0.162696842,0.120850312,0.212108996,0.327858713,0.262791881,0.402864691,0.265509196,0.217428965,0.318136918,0.494792993,0.427264766,0.567866381,0.248227747,0.193833709,0.313689781,0.403206602,0.332509618,0.482677152,0.098971018,0.062222868,0.145199687,0.320667684,0.245206198,0.408818722
30/11/2020,0.175665497,0.158766761,0.194517234,0.754499031,0.713247803,0.797384,0.147680603,0.084126482,0.231684745,1.156166305,0.932195426,1.419310281,0.136389071,0.098395025,0.182738783,1.272833149,1.127251773,1.426692851,0.108069197,0.072201812,0.153914244,1.340365928,1.166364983,1.530420407,0.133692426,0.085157751,0.196654554,1.029227908,0.861273312,1.218114329,0.11073001,0.069399073,0.164914844,0.951961707,0.802519687,1.113665317,0.177758448,0.133031485,0.229786696,0.329883418,0.264331939,0.406932984,0.288810619,0.238355406,0.343328642,0.509425634,0.441582881,0.583225612,0.2541468,0.198599109,0.320403416,0.402830945,0.331459249,0.483269086,0.100140623,0.062523163,0.147397895,0.310737956,0.23527042,0.398277925
01/12/2020,0.184673993,0.166830681,0.204365738,0.748423977,0.705887339,0.791744269,0.149313889,0.085173713,0.234388074,1.135317303,0.906609113,1.400242902,0.141566297,0.101948316,0.190669452,1.24015821,1.09773372,1.395594812,0.105973761,0.070000328,0.152084635,1.312394155,1.138400306,1.500341102,0.141072996,0.089622907,0.208989558,1.037222457,0.865280629,1.229834832,0.113099724,0.071120298,0.168472068,0.93823179,0.786941713,1.104118752,0.195295407,0.14738899,0.252541202,0.332708433,0.266169659,0.411960368,0.316035858,0.262463412,0.374131674,0.526803322,0.456789646,0.604694243,0.261155368,0.20384267,0.327214535,0.404594515,0.332200841,0.487755565,0.101543413,0.063399248,0.150031764,0.303429251,0.227493505,0.389924206
02/12/2020,0.194866285,0.176260542,0.215197428,0.743501591,0.700140452,0.787767982,0.15082455,0.085919717,0.237230887,1.116977853,0.883719862,1.383159362,0.146354089,0.105093076,0.197546952,1.205419775,1.061721214,1.359449341,0.104305561,0.068512284,0.150462525,1.284030062,1.105244895,1.473242088,0.148836201,0.094535298,0.220660762,1.047681941,0.870928172,1.246962302,0.115331811,0.07272102,0.172420354,0.926812526,0.774110301,1.096598723,0.215379625,0.163156721,0.276886989,0.336169076,0.267747396,0.417822534,0.347378493,0.289524206,0.41040651,0.546035912,0.47199892,0.627302215,0.269481514,0.209770482,0.337059145,0.40813613,0.333984356,0.491895152,0.103198071,0.064135718,0.153377612,0.298393419,0.222283077,0.386637953
03/12/2020,0.206252448,0.186329985,0.227580895,0.739099856,0.695071072,0.783188003,0.15228346,0.086483379,0.241915604,1.10030521,0.86153326,1.367093123,0.150489972,0.107866496,0.203055222,1.168165762,1.024815651,1.323507512,0.103083772,0.067243889,0.149111605,1.254586047,1.074600058,1.44819814,0.156645647,0.100272605,0.231813498,1.059432963,0.876742945,1.266095424,0.11740515,0.073856284,0.174949936,0.916820958,0.760557523,1.088457241,0.238026729,0.180739705,0.304951914,0.340095145,0.270313295,0.423395263,0.382994948,0.320480786,0.451087247,0.566129439,0.488237529,0.652468792,0.2793828,0.217002656,0.350251958,0.41307454,0.335231456,0.499935088,0.105120116,0.065385352,0.157176827,0.295307794,0.218478264,0.385671565
04/12/2020,0.21885425,0.197762417,0.241308046,0.73466031,0.690118949,0.779421844,0.153792706,0.08694479,0.243981749,1.084533955,0.844507357,1.350638871,0.153765375,0.110302408,0.208041116,1.12835777,0.986459694,1.283162299,0.102331737,0.066218473,0.14810602,1.223527111,1.041811121,1.418848837,0.16417189,0.104739684,0.242679854,1.071197431,0.885123891,1.282845784,0.119345809,0.074941913,0.178633754,0.907509556,0.74739775,1.082325904,0.263200601,0.200635704,0.337610075,0.344326993,0.271811895,0.430521238,0.423019808,0.355117367,0.496883339,0.586043913,0.504248282,0.676640711,0.291156314,0.226980629,0.36498233,0.419023248,0.337062661,0.507821867,0.10732541,0.066236551,0.159753422,0.293879766,0.2158455,0.385244781
05/12/2020,0.232725937,0.210293474,0.255992933,0.729740069,0.685070504,0.774943531,0.155490812,0.087933403,0.247603291,1.069026853,0.82973012,1.333225701,0.156066857,0.112138451,0.210626543,1.086395666,0.947642901,1.240241478,0.102081109,0.065783428,0.147493175,1.190548447,1.008589173,1.385395733,0.17114263,0.109979197,0.251061503,1.08166004,0.892147455,1.292299972,0.121237496,0.075809321,0.180173717,0.89831061,0.737555176,1.072964969,0.29083164,0.221895636,0.371647935,0.34873159,0.275233367,0.436448976,0.467597351,0.39425234,0.54785433,0.604775169,0.520564847,0.697748533,0.305150371,0.237784819,0.382564924,0.42560928,0.343541569,0.515688579,0.109833986,0.06786125,0.163243541,0.293851246,0.21602359,0.386401935
06/12/2020,0.247975873,0.224263438,0.272123273,0.724042366,0.679919971,0.76871098,0.157554067,0.089473629,0.250955393,1.053311327,0.816823254,1.309731463,0.157406365,0.113422562,0.211851048,1.043075572,0.908299629,1.191941631,0.102374408,0.065948447,0.147770519,1.15562437,0.978271063,1.346586803,0.177391224,0.114841264,0.258472383,1.089550037,0.900334397,1.303354868,0.123225577,0.077252605,0.181716711,0.888863691,0.730038455,1.063284883,0.320847726,0.246168559,0.406695289,0.353214937,0.279308046,0.442136524,0.516927158,0.436918265,0.602879823,0.62144729,0.535872429,0.715482031,0.321775553,0.251762133,0.400255948,0.432492696,0.349021501,0.521796313,0.112672825,0.069474276,0.1669636,0.295001015,0.217568005,0.387333136
07/12/2020,0.264784601,0.240251566,0.290012392,0.717429456,0.674532992,0.761571755,0.160193252,0.091391741,0.253260137,1.037094799,0.804342552,1.286556795,0.157932152,0.114126659,0.212014853,0.999488051,0.871433532,1.143137155,0.103265489,0.066877089,0.147919754,1.119016363,0.947609066,1.302080744,0.182890733,0.11961082,0.264328529,1.093728101,0.9040351,1.30518002,0.125514295,0.07929856,0.1831813,0.87901934,0.722323536,1.051897282,0.353212822,0.272578943,0.444973284,0.357727934,0.283846701,0.445548469,0.571317152,0.486118302,0.662599678,0.635397105,0.5479863,0.731051836,0.341512611,0.2691432,0.420777503,0.439383325,0.356142168,0.527866377,0.11587658,0.071686426,0.170211744,0.297143524,0.219449541,0.390044972
08/12/2020,0.283415579,0.258282885,0.309629356,0.709916426,0.667579799,0.753176527,0.163646637,0.094186276,0.255752004,1.020258064,0.796287682,1.265884512,0.157917624,0.115337059,0.211202678,0.956879822,0.833089532,1.091620909,0.104818061,0.06876919,0.14992818,1.081239336,0.91371229,1.256485616,0.187764976,0.12420707,0.268058357,1.09326891,0.907822228,1.301165169,0.128358982,0.082004814,0.186298635,0.868817944,0.716230406,1.037697744,0.387965231,0.302146281,0.482604345,0.362264538,0.288560568,0.449846444,0.631234146,0.542199627,0.726830174,0.646232855,0.557359019,0.741651153,0.364914798,0.291647253,0.44590377,0.446052112,0.363469988,0.536258447,0.119485814,0.074952397,0.174802501,0.30012373,0.221838691,0.392605188
09/12/2020,0.304216528,0.278394109,0.331680351,0.701649286,0.659751649,0.744475657,0.168171085,0.098393243,0.259780234,1.002831818,0.784286672,1.24182208,0.157732409,0.115743663,0.211042521,0.916510591,0.796835412,1.047646458,0.107102903,0.070605351,0.152802464,1.042996034,0.881502038,1.211499565,0.192275912,0.128437218,0.271072005,1.087531488,0.904587195,1.292809938,0.132056497,0.085339147,0.189372983,0.858448933,0.708683536,1.02515661,0.425246939,0.336011358,0.523910582,0.366853097,0.291769874,0.45420524,0.697340912,0.602899278,0.798133714,0.653855543,0.565485484,0.748618514,0.392602355,0.316073684,0.476037702,0.452336208,0.370132681,0.542379386,0.123543119,0.078203153,0.180052745,0.303808914,0.225299117,0.396277237
10/12/2020,0.327611225,0.300662198,0.356479169,0.692874077,0.651653097,0.735833131,0.174033216,0.101316471,0.268745958,0.984965251,0.770864444,1.221704285,0.157805274,0.115796586,0.211041985,0.879533982,0.763585392,1.008628669,0.11019469,0.073086158,0.156451336,1.005096291,0.849323589,1.168675527,0.196794224,0.132828956,0.273728056,1.076211757,0.891175048,1.279005055,0.136937162,0.089376444,0.194212102,0.848199623,0.70180943,1.010493638,0.465317496,0.372585204,0.56928396,0.371543509,0.295737313,0.459544608,0.770510142,0.672663859,0.875647887,0.658441173,0.568207745,0.753408375,0.425246869,0.344321486,0.513788715,0.458138877,0.375987075,0.549488121,0.128088074,0.082145793,0.18474886,0.308079607,0.228869685,0.399968601
11/12/2020,0.354082739,0.325822808,0.383974306,0.683904422,0.642709404,0.727395158,0.181501779,0.106743306,0.278030988,0.966895962,0.755188564,1.203954233,0.158589775,0.116613469,0.210353369,0.846920644,0.733286377,0.97456575,0.114169322,0.07624696,0.161080977,0.968378583,0.81714166,1.12903563,0.201763969,0.137528545,0.277729979,1.059373396,0.876024138,1.259629994,0.143360315,0.094701907,0.202627063,0.838403981,0.69199407,0.998656821,0.508549339,0.410955154,0.61636546,0.376393609,0.299687888,0.46544034,0.851808193,0.747849851,0.962696534,0.660391359,0.568286484,0.756442544,0.463543166,0.378156667,0.556467067,0.46342653,0.3808916,0.556628683,0.133152348,0.086192689,0.191496492,0.312822253,0.233131422,0.405800551
12/12/2020,0.384149103,0.354652586,0.416018901,0.675093215,0.634425587,0.719112884,0.190841306,0.113725339,0.291040658,0.948927486,0.737681306,1.18574036,0.16054072,0.118390448,0.211678835,0.819427739,0.707952914,0.945049212,0.119102437,0.079890698,0.167513717,0.933646888,0.786100642,1.08938118,0.207671417,0.142256936,0.284401666,1.037453742,0.85596797,1.24090332,0.151713745,0.101535073,0.21404866,0.829399232,0.68337669,0.991903818,0.555404849,0.453944232,0.666503646,0.381457731,0.30364676,0.470532991,0.942443861,0.831039068,1.062688662,0.660265248,0.567437497,0.759063789,0.508166267,0.418000882,0.607406164,0.468225266,0.383925903,0.562914302,0.138756195,0.090419593,0.199966144,0.317925837,0.236611105,0.411629009
13/12/2020,0.418331549,0.386930353,0.452246834,0.666810938,0.625589134,0.7107222,0.202305983,0.121434975,0.306381997,0.931416034,0.721442514,1.167037921,0.164104475,0.121127419,0.215772424,0.797607336,0.687494701,0.9192276,0.125069396,0.084377469,0.175758046,0.901628832,0.758262194,1.055296676,0.215024163,0.147061747,0.29481893,1.011241793,0.831606801,1.210735482,0.162415297,0.109153367,0.228056146,0.821494117,0.673602224,0.984111594,0.606397324,0.498851382,0.724088429,0.386779117,0.306962877,0.477293161,1.043678577,0.918564388,1.17359211,0.658706369,0.565466918,0.76101686,0.559711161,0.462906577,0.665412765,0.472618242,0.386653308,0.5694734,0.144907217,0.094862797,0.207772824,0.323283425,0.240035462,0.420947189
14/12/2020,0.457114138,0.423216622,0.492363692,0.659429948,0.618288197,0.702752961,0.216131861,0.131663967,0.323799938,0.914763505,0.706602583,1.149928821,0.169721339,0.125491832,0.223953883,0.781839564,0.672251271,0.903056732,0.132146541,0.089369719,0.184881458,0.872954366,0.733059106,1.026703266,0.224341642,0.15311205,0.307751968,0.981826924,0.802629817,1.180373776,0.175913274,0.119104617,0.245760816,0.814948275,0.66657059,0.977091761,0.662038163,0.549544649,0.78551411,0.392386075,0.310980506,0.483206879,1.156694401,1.01966368,1.299634839,0.656374945,0.562892277,0.760864286,0.618613959,0.515537733,0.731561322,0.476743554,0.38877669,0.575013081,0.151601578,0.099334551,0.217396559,0.328797822,0.243373756,0.42845115
15/12/2020,0.500892814,0.464312672,0.538287562,0.653311994,0.612520012,0.696289829,0.232525002,0.142880942,0.345350256,0.899411341,0.693543721,1.134596425,0.177834993,0.132224784,0.233078824,0.772374867,0.663063825,0.891026616,0.140412977,0.095297488,0.195636855,0.848149885,0.710293669,0.998481993,0.236154134,0.161608871,0.323976213,0.950520644,0.776997398,1.147493597,0.192680771,0.131337622,0.267874853,0.80995928,0.662826645,0.97375904,0.722771391,0.605064708,0.851819895,0.398290321,0.316433931,0.49063353,1.282416456,1.134128836,1.437700245,0.653891456,0.561075608,0.757227618,0.685054836,0.574689583,0.805600421,0.480790975,0.39155955,0.582128543,0.158827084,0.10492097,0.226740151,0.334388899,0.247832374,0.437487983
16/12/2020,0.549912085,0.510976746,0.58897017,0.648795846,0.608847961,0.691320099,0.251643018,0.157486986,0.370523216,0.885829879,0.680917867,1.11575184,0.188902687,0.14069536,0.245444763,0.76937179,0.660767665,0.887402433,0.149951637,0.102341604,0.20721487,0.82764124,0.69384368,0.976642023,0.251004969,0.172465739,0.342869171,0.918759173,0.746532164,1.108668837,0.213197981,0.146996805,0.294460905,0.80665289,0.659823142,0.972082984,0.788895562,0.665030971,0.924312936,0.404485259,0.322061256,0.49833952,1.421289196,1.262120296,1.587007253,0.651793099,0.559884319,0.753772763,0.758846447,0.637702823,0.888759556,0.484995382,0.395733248,0.586115529,0.166566846,0.11056701,0.238281448,0.339999262,0.252504107,0.444640484
17/12/2020,0.604189463,0.56288069,0.645352794,0.646182995,0.606794131,0.68829081,0.273567873,0.172915169,0.400265732,0.874500322,0.672722377,1.102166021,0.203399645,0.152052984,0.262089286,0.772920831,0.664900491,0.892590052,0.160848131,0.110115476,0.221809256,0.811760091,0.679138913,0.961194921,0.269449703,0.185987903,0.366143965,0.887999733,0.719358909,1.074345974,0.237915852,0.167322831,0.326102794,0.805073125,0.659632184,0.968589718,0.860473473,0.728140208,1.001450892,0.410942244,0.32869919,0.504941227,1.573013677,1.406832898,1.748002233,0.650502227,0.559866148,0.750648305,0.839316558,0.709920342,0.974101676,0.489625395,0.399916221,0.588565988,0.174801961,0.116696581,0.248030121,0.345595306,0.256457644,0.450014078
18/12/2020,0.663431914,0.619777291,0.706628356,0.645721236,0.606117676,0.687598928,0.298269253,0.191008742,0.432628154,0.865889947,0.662812533,1.089678304,0.221811692,0.166441426,0.28381312,0.783049577,0.674357621,0.903897719,0.173186051,0.118963189,0.238401485,0.800750255,0.667915708,0.950784896,0.292046231,0.203101749,0.395650294,0.859625827,0.693139447,1.043118807,0.267195288,0.190466355,0.362341621,0.805171219,0.657459124,0.968868338,0.937233225,0.79395355,1.086376557,0.417604236,0.334750427,0.511087657,1.736267726,1.565570113,1.917071727,0.65030523,0.560316282,0.748786742,0.925200627,0.786993386,1.068384496,0.494967236,0.404336919,0.592010305,0.183511855,0.122913003,0.259914218,0.351162218,0.26136242,0.456659241
19/12/2020,0.726954949,0.681035862,0.772293246,0.647588023,0.607266361,0.689619964,0.32556083,0.211189207,0.470591801,0.860424367,0.658708476,1.086158364,0.244611363,0.185194843,0.311899948,0.799709155,0.686275295,0.925405168,0.187038188,0.128385835,0.256273421,0.794773195,0.659338543,0.946184711,0.31933094,0.222138777,0.431111615,0.834874984,0.669483713,1.014581867,0.30121957,0.2156545,0.406261898,0.806795442,0.657067212,0.978032612,1.018470637,0.868972077,1.175508734,0.424378115,0.338667823,0.520631434,1.908452249,1.732343713,2.093951671,0.651341052,0.560691056,0.749352808,1.01456833,0.866232916,1.16432877,0.501305553,0.409650367,0.59921096,0.192671832,0.129527207,0.271277696,0.356693816,0.265627391,0.464318305
20/12/2020,0.793622928,0.744538324,0.842920845,0.651876974,0.609541622,0.695901026,0.35505649,0.233719919,0.510086876,0.858462408,0.653751982,1.091586918,0.272215684,0.207271409,0.345763616,0.822746794,0.706362419,0.953727333,0.202454505,0.140032831,0.276214515,0.793913703,0.652308758,0.94922608,0.351778631,0.246821894,0.474725165,0.814796965,0.64935808,0.999230091,0.339885617,0.245512393,0.458666556,0.809686395,0.655273837,0.985696148,1.102972025,0.942463701,1.271842762,0.431128786,0.34250899,0.530715972,2.085530636,1.898957624,2.278861676,0.653599864,0.560097672,0.752787599,1.104815327,0.94576933,1.26763681,0.508904283,0.414685719,0.608143779,0.202248621,0.136258756,0.282933651,0.362180319,0.268699353,0.47272908
21/12/2020,0.861836105,0.808097926,0.914683487,0.658591644,0.615023145,0.703981152,0.386139493,0.255587116,0.554187983,0.860279083,0.652643675,1.103097244,0.304929345,0.233449766,0.384782387,0.851873875,0.727348791,0.990874885,0.21944945,0.152077103,0.299124987,0.798187958,0.649846769,0.959451329,0.389748511,0.274447975,0.525892632,0.8002433,0.630982169,0.989733632,0.382692392,0.277931295,0.514548199,0.813483584,0.651690126,0.995645846,1.188985162,1.016137206,1.376140921,0.437679235,0.343852991,0.54577184,2.262044643,2.055998107,2.471787936,0.65693354,0.559384609,0.758620196,1.192753667,1.019263382,1.373401743,0.517991048,0.419332136,0.621149759,0.212196006,0.14240329,0.297740403,0.367598433,0.271414758,0.480098896
22/12/2020,0.92959203,0.86952191,0.98859284,0.667650385,0.622370614,0.714640772,0.417962165,0.279286433,0.601321327,0.86606052,0.653946412,1.119018023,0.342885704,0.26336652,0.431848546,0.886642665,0.754927168,1.034316752,0.237992863,0.166088843,0.325724217,0.807556256,0.653776522,0.975824058,0.433425394,0.306765044,0.584731494,0.791882598,0.617627481,0.987299557,0.42865987,0.313240048,0.574556183,0.817748426,0.64951731,1.00762395,1.27427013,1.085932263,1.484740968,0.443820331,0.346007616,0.558021493,2.431385629,2.20472538,2.66114372,0.661079738,0.558382361,0.770729893,1.274825603,1.090336469,1.475682282,0.528748056,0.426054512,0.638255501,0.222453395,0.149705812,0.312506028,0.372908025,0.273998165,0.491050397
23/12/2020,0.994641436,0.928473666,1.059441805,0.678904619,0.631138366,0.728667211,0.449493623,0.299519211,0.644878659,0.87591207,0.655399829,1.135308098,0.386007797,0.297498393,0.482705062,0.926446685,0.787558288,1.084260502,0.258009633,0.179637329,0.354035108,0.821941881,0.660998703,0.994056104,0.48277313,0.34469646,0.649943555,0.790232004,0.611707483,0.989335864,0.476322628,0.346050787,0.639520679,0.822005773,0.647761499,1.017862831,1.356254981,1.150891445,1.588136633,0.449332158,0.347272038,0.567904653,2.586361934,2.336153161,2.840652605,0.665700147,0.55910594,0.781023467,1.34744228,1.147973698,1.569557614,0.541311148,0.433717931,0.657397149,0.232949976,0.156230427,0.327260164,0.378057914,0.275442916,0.500145483
24/12/2020,1.054739008,0.983421074,1.124567652,0.692170173,0.642322983,0.743223954,0.479624613,0.320014889,0.684985056,0.889877692,0.666794158,1.159568542,0.434017713,0.336645849,0.54033854,0.970557443,0.822116562,1.137324392,0.279392553,0.195540684,0.38157218,0.841255785,0.675020703,1.023719813,0.537523011,0.386093317,0.719564821,0.795693626,0.611688864,1.003221074,0.523837984,0.382333921,0.701514687,0.82580105,0.647819629,1.024067671,1.432300292,1.21037322,1.685055678,0.454015236,0.34834129,0.577670271,2.720029529,2.451743653,2.998215377,0.670430669,0.55973835,0.790303545,1.407412453,1.195600994,1.642556452,0.5557767,0.444771651,0.67828131,0.243615778,0.1633365,0.342654849,0.383000437,0.276862911,0.510666719
25/12/2020,1.107959991,1.033264834,1.181286522,0.707267763,0.656259983,0.760123884,0.507321444,0.339008016,0.721185755,0.90796567,0.677993755,1.184702393,0.486518366,0.380245534,0.60230573,1.018202925,0.864144865,1.19172026,0.302030118,0.21153334,0.411543152,0.865424233,0.695173906,1.052596299,0.597219085,0.432295539,0.79856242,0.808585225,0.622693144,1.022729185,0.56922216,0.417676311,0.760483004,0.828764324,0.648371986,1.033127589,1.500044178,1.261379725,1.763279285,0.457726184,0.348454153,0.584353537,2.826660755,2.546680527,3.120092595,0.674937693,0.561890845,0.796456052,1.452387469,1.234767685,1.696677109,0.572214078,0.458415586,0.699869453,0.254398624,0.170868017,0.358013525,0.38771118,0.279631344,0.517669791
26/12/2020,1.153024022,1.076535709,1.227753115,0.724065025,0.672230511,0.778257816,0.531800216,0.355587555,0.750682481,0.930173269,0.697693494,1.214171018,0.543153412,0.42960752,0.669605903,1.068681241,0.908575148,1.24702693,0.325846603,0.229365535,0.443414954,0.894414024,0.720584374,1.084126542,0.661331538,0.482953433,0.874103055,0.829155801,0.640471054,1.04256781,0.610682269,0.450534286,0.808693254,0.830668205,0.651270364,1.040505267,1.557765569,1.309641616,1.827903954,0.460409502,0.349394442,0.590579949,2.902650317,2.617047873,3.20727712,0.678971349,0.56620001,0.800963308,1.481224299,1.263048878,1.725198558,0.590679531,0.475535335,0.720847847,0.265283434,0.176806001,0.372267022,0.392207804,0.282286214,0.5227438
27/12/2020,1.189442584,1.11419403,1.26421064,0.742501843,0.690386991,0.797666775,0.552624742,0.370751922,0.776145341,0.956515457,0.717933401,1.243350369,0.60374944,0.481976645,0.738885893,1.121429302,0.954937724,1.299584388,0.350833061,0.248350621,0.475134501,0.928251235,0.752396564,1.121489886,0.729358679,0.542539838,0.952476081,0.857632909,0.667687269,1.072174373,0.646868701,0.482625139,0.849228703,0.831442142,0.653012736,1.041174623,1.604562292,1.354091893,1.876648216,0.462104673,0.349472725,0.591320299,2.946852219,2.669863835,3.245960882,0.682386375,0.570314936,0.802532882,1.494053855,1.279113497,1.72818989,0.611232803,0.49697256,0.742912388,0.276303752,0.184117613,0.386016758,0.396558154,0.284128113,0.529396927
28/12/2020,1.217298925,1.141511543,1.291080806,0.762583483,0.709737152,0.818578753,0.569623755,0.379290295,0.798321071,0.987072433,0.74064832,1.279603511,0.668270733,0.537389079,0.813190122,1.175937422,1.003280997,1.357438836,0.377038242,0.26832974,0.507788337,0.96703686,0.785010117,1.162424304,0.800765407,0.601556557,1.031142779,0.894373862,0.702257328,1.116179541,0.676820783,0.507453449,0.878587651,0.831113558,0.653845129,1.038496579,1.640131324,1.391905009,1.906500864,0.462912673,0.347024668,0.592957265,2.959894089,2.68899234,3.248548642,0.685105263,0.57377714,0.80396613,1.491888617,1.285578956,1.71341114,0.633962549,0.516582458,0.76879608,0.287535551,0.191937346,0.402105646,0.400871808,0.284798949,0.537418497
29/12/2020,1.2375361,1.162343459,1.312474141,0.78441032,0.729975994,0.841264954,0.583049281,0.383069369,0.821602684,1.021952184,0.764773148,1.32311444,0.737148155,0.595018118,0.895778355,1.231983455,1.0510674,1.424672091,0.404627768,0.286829505,0.546848564,1.010939119,0.816951632,1.218659813,0.875301402,0.666248837,1.117387864,0.939701779,0.735352576,1.173615334,0.700347523,0.526619188,0.90493001,0.829865938,0.651195582,1.040035005,1.665119652,1.418183072,1.930410379,0.463020928,0.343288351,0.59655857,2.944796982,2.686169804,3.224377555,0.68717622,0.57306376,0.809306885,1.476776255,1.273762102,1.687125145,0.658971227,0.536907016,0.79708522,0.299111744,0.197357648,0.421663786,0.405302162,0.282541355,0.546772407
30/12/2020,1.251921918,1.176288931,1.33058337,0.8081712,0.749893808,0.869454698,0.593569551,0.378157832,0.853290379,1.061260356,0.779825587,1.386592036,0.811466449,0.651329193,0.987824525,1.289728727,1.094910086,1.499626569,0.433909304,0.303319137,0.590450388,1.060172526,0.84848148,1.290907635,0.953206452,0.725057195,1.212171288,0.993818865,0.775427801,1.247200554,0.718107982,0.533911465,0.936297704,0.828020335,0.638406864,1.047985094,1.68110575,1.426968254,1.957156656,0.46268742,0.334610843,0.604237887,2.906676079,2.636983995,3.194083684,0.688769165,0.567855238,0.821724983,1.451569592,1.245656783,1.666861756,0.686361177,0.551937653,0.836748624,0.311218299,0.200477058,0.449378395,0.410030978,0.279213021,0.55974107
31/12/2020,1.262784495,1.179678892,1.351081803,0.8341087,0.76810644,0.903078681,0.602139356,0.369500678,0.8861897,1.105071229,0.790022549,1.475694462,0.892992207,0.70910616,1.098696466,1.349691989,1.130123034,1.587315171,0.465322878,0.316274291,0.646606926,1.114965874,0.877003286,1.379506008,1.035272873,0.775011876,1.33027989,1.056763973,0.806983962,1.339837105,0.731429892,0.528861361,0.96852833,0.825971714,0.622598837,1.063147051,1.69031379,1.406020373,1.996807536,0.462200747,0.324718179,0.618260422,2.851856458,2.559025787,3.169391132,0.69013264,0.553498008,0.838920886,1.419481874,1.194188878,1.662680746,0.716219162,0.562137684,0.883391623,0.324075463,0.199600375,0.479173416,0.415241932,0.273669435,0.58140739
01/01/2021,1.272682207,1.176838996,1.376551963,0.862475502,0.785520932,0.942487288,0.609832163,0.352187143,0.933117058,1.153401724,0.791346159,1.594129988,0.984109337,0.758756496,1.245007618,1.412661903,1.158561642,1.694084047,0.499411241,0.326670318,0.719322225,1.175529773,0.901842245,1.495213752,1.122806885,0.816288633,1.488626785,1.128388691,0.833533986,1.467370751,0.742013041,0.517370695,1.015359448,0.824118546,0.597717757,1.093077681,1.695238654,1.371588114,2.050648266,0.46183754,0.312020688,0.6400989,2.786877217,2.446167058,3.16288831,0.69154087,0.534512873,0.869098665,1.383637923,1.131094351,1.666991464,0.748600978,0.569521035,0.950588518,0.337913478,0.197339322,0.521060418,0.421093932,0.2643459,0.611316351
02/01/2021,1.284070223,1.168121544,1.408201117,0.893497862,0.803455648,0.987151573,0.617669573,0.332161454,0.985645356,1.206209933,0.782173004,1.743858924,1.087687049,0.807473928,1.428571012,1.479566875,1.17966855,1.812968064,0.536777915,0.334113222,0.801737647,1.242044286,0.916063062,1.638256454,1.217493274,0.840774588,1.682395676,1.208391865,0.85088268,1.633005349,0.751592996,0.496175342,1.081087707,0.822800437,0.565900277,1.130285146,1.698250237,1.321353658,2.117284029,0.461826183,0.294903611,0.665228337,2.717561359,2.316783037,3.160951939,0.69324254,0.512187952,0.90084796,1.346692126,1.057731185,1.687579961,0.783527571,0.570975703,1.033487578,0.352949571,0.193251523,0.574755032,0.427702466,0.25200114,0.65074933
